Nom,Sex
Mark Green,Male
Chukwudi Eze,Male
Babatunde Adewale,Male
Victoria Young,Female
Fanta Camara,Female
Peyton Perez,Female
Adam Scott,Male
Kyle Lewis,Male
Ngozi Eze,Female
Hudson Wilson,Male
Anna Thompson,Female
Nneka Eze,Female
Musa Abubakar,Male
Musa Abubakar,Male
Betty King,Female
Philip Robinson,Male
Sharon Simmons,Female
Idris Bello,Male
Victoria Powell,Female
Kwesi Agyei,Male
Camila Washington,Female
Adanna Nwachukwu,Female
Jabari Tetteh,Male
Mamadou Diallo,Male
Roger Hughes,Male
Chinelo Nwachukwu,Female
Sylvia Jenkins,Female
Samuel Alexander,Male
Kwaku Boateng,Male
Jerry Coleman,Male
Christopher Wilson,Male
Fatimah Ibrahim,Female
Obinna Chukwu,Male
Julia Garcia,Male
Brandon Wright,Male
Babatunde Adewale,Male
Abigail Mensah,Female
Peyton Perez,Female
Nabila Cissé,Female
Kwadwo Keita,Male
Christian Adams,Male
Julian Howard,Male
Mohammed Maalouf,Male
Aisha Ibrahim,Female
Kwame Mensah,Male
Kwaku Amponsah,Male
Fanta Camara,Female
Nneka Nwadike,Female
Jabari Nkrumah,Male
Fatima Nkrumah,Female
Emeka Nnamdi,Male
Chukwudi Eze,Male
Chinwe Okonkwo,Male
Kwadwo Keita,Male
Mamoudou Keita,Male
Angela Lopez,Female
Isaac Clark,Male
Simba Moyo,Male
Daniel Phillips,Male
Ruth Foster,Female
Emily Carter,Female
Lily Morris,Female
David Bell,Male
Zoe Nelson,Female
Sekou Diop,Male
Danielle Bailey,Female
Sekou Toure,Male
Natalie Flores,Female
John Parker,Male
Abigail Mensah,Female
Hazel Miller,Female
Saidi Jalloh,Male
Joseph White,Male
Amanda Lopez,Female
Osei Bonsu,Male
Chinwe Ogbonna,Female
Chinedu Okoro,Male
Alan Diaz,Male
Chinelo Nwachukwu,Female
Mohammed Maalouf,Male
Angela Lopez,Female
Michelle Howard,Female
Luke Foster,Male
Musa Abubakar,Male
Elijah Perez,Male
Julia Richardson,Female
Grace Edwards,Female
Babatunde Adewale,Male
Kevin King,Male
Karen Harris,Female
Nkosi Dlamini,Male
Kwame Asante,Male
Owen Murphy,Male
Sebastian Wright,Male
Gerald Wood,Male
Adama Ba,Female
Christian Adams,Male
Adama Ba,Female
Jonathan Nelson,Male
Henry Thompson,Male
Wyatt Russell,Male
William Hernandez,Male
Zoe Nelson,Female
Fatima Keita,Female
Betty King,Female
Donna Mitchell,Female
Steven James,Male
Fatima Nkrumah,Female
Nabila Bah,Female
Kwame Asante,Male
Aisha Kamau,Female
Ngozi Nwadike,Female
Grace Hughes,Female
Mohammed Maalouf,Male
Victoria Young,Female
Nabila Cissé,Female
Matthew Evans,Male
Obinna Onyeama,Male
Saidou Bah,Male
Aminata Touré,Female
Julia Richardson,Female
Anna Mitchell,Female
Monica Perez,Female
Musa Abubakar,Male
Emeka Diop,Male
John Enrick,Male
Lindsay Young,Female
Leah Adams,Female
Osei Bonsu,Male
Lindsay Young,Female
Sanaa Oumar,Female
Brenda Sanchez,Female
Bella Hernandez,Female
Trinity Harris,Female
Phillip Reed,Male
Binta Sow,Female
Kwame Mensah,Male
Aisha Ibrahim,Female
Danielle Bailey,Female
Ayodele Akinwande,Female
Joshua Allen,Male
Frances Coleman,Female
Jimmy Perry,Male
Tunde Ogunjobi,Male
Lamidi Adekunle,Male
Mohammed Maalouf,Male
Chinelo Nwachukwu,Female
Cody Davis,Male
Mila King,Female
Sibongile Zulu,Female
Fatoumata Diagne,Female
Christian Adams,Male
Lisa Rodriguez,Female
Joseph Richardson,Male
Kwame Mensah,Male
Chloe Richardson,Female
Scott Clark,Male
Ngozi Eze,Female
William Moore,Male
Edward Nelson,Male
Patrick Reed,Male
Jelani Jalloh,Male
Hazel Miller,Female
Saidou Bah,Male
Nicole Reed,Female
Alyssa Morris,Female
Dorothy Adams,Female
Dorothy Adams,Female
Billy Coleman,Male
Steven Collins,Male
Ayodele Akinwande,Female
Uzoma Okoro,Male
Chukwudi Eze,Male
Nadira Touré,Female
Idris Bello,Male
Charles Parker,Male
Mohammed Maalouf,Male
Caroline Bailey,Female
Aminata Cissé,Female
Tunde Adeleke,Male
Brenda Sanchez,Female
Brittany Price,Female
Chloe Richardson,Female
Sekou Diop,Male
Frances Coleman,Female
Ashley Garcia,Female
Hannah Washington,Female
Kwadwo Mensah,Male
Femi Adekunle,Male
Kevin Rivera,Male
Ava Martinez,Female
Philip Robinson,Male
Adrian Green,Male
Russell Gonzalez,Male
Sanaa Oumar,Female
Nancy Wright,Female
Fatima Nkrumah,Female
Brian Brooks,Male
Ngozi Nwadike,Female
Ronald Scott,Male
Kwasi Amoako,Male
Chinelo Nwachukwu,Female
Yaa Asante,Female
Jeremy Evans,Male
Adiza Sow,Female
Christine Young,Female
Mark Green,Male
Scarlett Price,Female
Femi Adekunle,Male
Joseph Richardson,Male
Emeka Nnamdi,Male
Ryan Cox,Male
Timothy Bennett,Male
Brandon Green,Male
Miranda Allen,Female
Andrew Turner,Male
Melissa Bailey,Female
Cassandra Coleman,Female
Trinity Harris,Female
William Hernandez,Male
Lindsay Young,Female
Kwadwo Mensah,Male
John Jackson,Male
Alex Johnson,Male
Richard Martin,Male
Owen Murphy,Male
Kwaku Amponsah,Male
Jelani Jalloh,Male
Lamidi Adekunle,Male
Victoria Young,Female
Charles Parker,Male
Jacob Rivera,Male
Wyatt Russell,Male
Carter Richardson,Male
Nneka Eze,Female
Chukwudi Eze,Male
Sibongile Zulu,Female
Tunde Adeleke,Male
Nicholas Powell,Male
Joseph White,Male
Adjoa Boateng,Female
Kwesi Anang,Male
Nneka Eze,Female
Olivia Smith,Female
Robert Miller,Male
Lisa Rodriguez,Female
Willie Price,Male
Caitlin Cox,Female
Richard Martin,Male
Jumaane Diop,Male
Fanta Bah,Female
Juan Diaz,Male
Kwabena Osei,Male
Jelani Jalloh,Male
Amina Azikiwe,Female
Brooklyn Sanchez,Female
Patricia Lopez,Female
Nicole King,Female
Mohammed Maalouf,Male
Billy Coleman,Male
Nneka Nwadike,Female
Kwesi Bonsu,Male
Margaret Scott,Female
Adam Scott,Male
Kwaku Amponsah,Female
Jesse Murphy,Male
Amy Jenkins,Female
Fanta Camara,Female
Sarah Davis,Female
Amy Jenkins,Female
Sekou Toure,Male
Aminata Cissé,Female
Fatoumata Camara,Female
Bintou Traoré,Female
Kevin Rivera,Male
Kyle Lewis,Male
Michael Phillips,Male
Caleb Ward,Male
Kwesi Agyei,Male
George Cook,Male
Nneka Nwadike,Female
Ngozi Onyeama,Female
Rebecca Rivera,Female
Jimmy Perry,Male
Christopher Gonzalez,Male
Julie Nelson,Female
Fanta Diallo,Female
Fanta Camara,Female
Kwadwo Mensah,Male
Saidou Bah,Male
Miranda Allen,Female
Helen Russell,Female
Fatimah Mohammed,Female
Melissa Bailey,Female
Caroline Bailey,Female
Derek Nelson,Male
Frances Coleman,Female
Lamidi Adekunle,Male
Harper King,Female
Jabari Nkrumah,Male
Miranda Allen,Female
Joseph Richardson,Male
Adjoa Boateng,Female
Daniel Green,Male
Monica Perez,Female
Michael Smith,Male
Jimmy Perry,Male
Mamadou Diallo,Male
Amara Sankoh,Male
Alan Diaz,Male
Bobby Howard,Male
Fatima Keita,Female
Aisha Ibrahim,Female
Edward Nelson,Male
William Perez,Male
Fatima Nkrumah,Female
Anthony Hill,Male
Fatimah Mohammed,Female
Fatimah Ibrahim,Female
Kwesi Anang,Male
Sara Henderson,Female
Aria Cox,Female
Binta Sow,Female
Mohammed Maalouf,Male
Osei Mensah,Male
Saidou Bah,Male
Jeremy Evans,Male
Omaru Sise,Male
Aisha Abubakar,Female
Anna Thompson,Female
Chinwe Okonkwo,Male
Abigail Mensah,Female
Oumar Camara,Male
Mohammed Maalouf,Male
Kwasi Amoako,Male
Nancy Wright,Female
Matthew Lee,Male
Christopher Stewart,Male
Taylor Turner,Female
Michael Smith,Male
Emma Williams,Female
Ashley Garcia,Female
Jelani Jalloh,Male
Aria Cox,Female
Aisha Abubakar,Female
Ashley Martinez,Female
Rebecca Carter,Female
Amaechi Okafor,Female
James Lee,Male
Chukwudi Eze,Male
Thomas Young,Male
Alexis Scott,Female
Aminata Cissé,Female
Joshua Martinez,Male
Billy Coleman,Male
Scarlett Price,Female
Yaa Nkrumah,Female
Eli Baker,Male
Kevin King,Male
Christian Wright,Male
Avery Murphy,Female
Abigail Mensah,Female
Wyatt Russell,Male
Osei Bonsu,Male
Michelle Campbell,Female
Lamidi Adekunle,Male
Nkosi Dlamini,Male
Nneka Nwadike,Female
Fatou Camara,Female
Jamila Kamara,Female
Aisha Ibrahim,Female
Sadia Traoré,Female
Madison Foster,Female
Kwadwo Mensah,Male
Allison Ross,Female
Binta Sow,Female
Sekou Diop,Male
Betty King,Female
Sebastian Wright,Male
Anthony Hill,Male
Kristen Coleman,Female
Taylor Martinez,Female
Alex Johnson,Male
Steven Collins,Male
Kimberly Rivera,Female
Daniel Lewis,Male
Heather Bailey,Female
Mohammed Maalouf,Male
Chinelo Nwachukwu,Female
Kwabena Osei,Male
James Wilson,Male
Saidi Jalloh,Male
Matthew Anderson,Male
Adjoa Boateng,Female
Martha Diaz,Female
Liam Jones,Male
Oumar Camara,Male
Saidi Jalloh,Male
Andrew Hernandez,Male
Kwame Mensah,Male
Ngozi Onyeama,Female
Jasmine Lopez,Female
Ryan Turner,Male
Babatunde Adewale,Male
Philip Robinson,Male
Samantha Barnes,Female
Jabari Nkrumah,Male
Chiamaka Adewale,Female
Isaac Clark,Male
Kayla Russell,Female
Nneka Abubakar,Female
Grace Edwards,Female
Melissa Hughes,Female
Sekou Diop,Male
Aisha Ibrahim,Female
Helen Russell,Female
Lindsey Flores,Female
Jason Wood,Male
Zara Nkrumah,Female
Olivia Turner,Female
Ayanda Dlamini,Female
Osei Mensah,Male
Obinna Chukwu,Male
Fatou Camara,Female
Fatoumata Camara,Female
Kwabena Osei,Male
Ngozi Eze,Female
Kwaku Amponsah,Male
Kwesi Agyei,Male
Emeka Diop,Male
Obinna Chukwu,Male
Musa Abubakar,Male
Aminata Cissé,Female
Adama Ba,Female
Abena Agyeman,Female
Lisa Rodriguez,Female
Carol Ward,Female
Idris Bello,Male
Osei Bonsu,Male
Kwame Asante,Male
Aisha Abubakar,Female
Obinna Chukwu,Male
Mohammed Maalouf,Male
Sebastian Wright,Male
Maria Martinez,Female
Ronald Scott,Male
Claire Taylor,Female
Adiza Sow,Female
Jamila Abubakar,Female
Adama Ba,Female
Kwesi Anang,Male
Sadia Traoré,Female
Kwame Asante,Male
Jessica Davis,Female
Kwesi Bonsu,Male
Ayodele Akinwande,Female
Phillip Reed,Male
Femi Adekunle,Male
Musa Abubakar,Male
Wanda Parker,Female
Jelani Jalloh,Male
David Jackson,Male
Michelle Campbell,Female
Wayne Carter,Male
Aminata Cissé,Female
Louis Rivera,Male
Kristen Coleman,Female
Cameron Cox,Male
Kofi Mensah,Male
Yemi Adegbola,Female
Sibongile Zulu,Female
Oluwaseun Adeyemi,Male
Kwesi Anang,Male
Caleb Ward,Male
Sekou Toure,Male
Amina Azikiwe,Female
Amanda Lopez,Female
Maria Martinez,Female
David Jackson,Male
Kwabena Osei,Male
Aminata Touré,Female
Peter Ramirez,Male
Chinwe Ogbonna,Female
Hunter Allen,Male
Fatou Camara,Female
Liam Jones,Male
Fatoumata Diop,Female
Adjoa Boateng,Female
Lisa Rodriguez,Female
Emilia Davis,Female
David Jackson,Male
Ronald Scott,Male
Adanna Nwachukwu,Female
Saidi Jalloh,Male
Adrian Green,Male
Babajide Adebayo,Male
Aisha Ibrahim,Female
Kevin King,Male
Clarence Lee,Male
Adam Scott,Male
Jenna Ward,Female
Vanessa Foster,Female
Samuel Alexander,Male
Anna Hall,Female
Zara Nkrumah,Female
Osei Bonsu,Male
Victoria Morris,Female
Christopher Stewart,Male
Joseph White,Male
Robert Anderson,Male
Juan Diaz,Male
James Wilson,Male
Amaechi Okafor,Female
Bintou Traoré,Female
Jennifer Thomas,Female
Emeka Diop,Male
Danielle Bailey,Female
Heather Bailey,Female
Idris Bello,Male
Emily Johnson,Female
Grace Edwards,Female
Benjamin White,Male
James Harris,Male
Edward Nelson,Male
Adama Ba,Female
James Lee,Male
Nadia Kamara,Female
Isaac Clark,Male
Timothy Martinez,Male
Nkosi Dlamini,Male
Fatimah Ibrahim,Female
Babajide Adewale,Male
Kristen Coleman,Female
Brian Brooks,Male
Oumar Camara,Male
Ashley Garcia,Female
Nadia Kamara,Female
Betty King,Female
Tariq Ndlovu,Male
Grace Edwards,Female
Nkosi Dlamini,Male
Bintou Traoré,Female
Emilia Davis,Female
Sebastian Wright,Male
Matthew Lee,Male
Steven James,Male
Fatima Diallo,Female
David Jackson,Male
Obinna Chukwu,Male
Mason Taylor,Male
Chiamaka Adewale,Female
Chukwudi Eze,Male
Jesse Murphy,Male
Dorothy Adams,Female
Osei Mensah,Male
Joan Morris,Female
Anna Hall,Female
George Cook,Male
Kwaku Amponsah,Male
Hudson Wilson,Male
Fatoumata Camara,Female
Nadia Diallo,Female
Nneka Eze,Female
Fatoumata Diagne,Female
Lauren White,Female
Zoe Nelson,Female
Phillip Reed,Male
Christine Young,Female
Sandra Baker,Female
Laura Kelly,Female
Kwaku Amponsah,Male
Fatoumata Diop,Female
Willard Patterson,Male
Christina Walker,Female
Fatimah Mohammed,Female
Kwaku Amponsah,Male
Trinity Harris,Female
John Parker,Male
Emeka Diop,Male
Kimberly Rivera,Female
Kofi Mensah,Male
Mamadou Diallo,Male
Fatimah Ibrahim,Female
Charles Parker,Male
Sekou Diop,Male
Thomas Young,Male
Kofi Mensah,Male
Joseph White,Male
Philip Nelson,Male
Yemi Adegbola,Female
Jimmy Perry,Male
Austin Richardson,Male
Ngozi Onyeama,Female
Ngozi Onyeama,Female
Adam Scott,Male
Victoria Powell,Female
Babajide Adewale,Male
Avery Murphy,Female
Sekou Diop,Male
Nadira Touré,Female
Christina Roberts,Female
Jessica Brown,Female
Jessica Davis,Female
Zachary Hall,Male
Jumaane Diop,Male
Wendy Carter,Female
Idris Bello,Male
Peyton Perez,Female
Dorothy Adams,Female
Mary Taylor,Female
Binta Sow,Female
Timothy Bennett,Male
Jelani Jalloh,Male
Kwabena Osei,Male
Peter Hill,Male
Saidou Bah,Male
Sibongile Zulu,Female
Natalie Flores,Female
Aminata Touré,Female
Tiffany Hill,Female
Lamidi Adekunle,Male
Timothy Martinez,Male
Yaa Mohammed,Female
Sanaa Oumar,Female
Amaechi Okafor,Female
Betty King,Female
Amaechi Okafor,Female
Sekou Diop,Male
Camila Washington,Female
Kwesi Anang,Male
Patricia Lopez,Female
Russell Gonzalez,Male
Mohammed Maalouf,Male
Wayne Carter,Male
Cynthia Murphy,Female
Nicholas Powell,Male
Sadia Traoré,Female
Diane Coleman,Female
Jesse Murphy,Male
Andrew Hernandez,Male
Anna Hall,Female
Tunde Adeleke,Male
Babatunde Balogun,Male
Amaechi Okafor,Female
Osei Bonsu,Male
Kwadwo Mensah,Male
Amaechi Okafor,Female
Adama Ba,Female
Kwame Asante,Male
Steven James,Male
Tunde Adeleke,Male
Amara Sankoh,Male
Angela Lopez,Female
Fanta Diallo,Female
Ashley Johnson,Female
Ngozi Onyeama,Female
Victoria Morris,Female
Theresa Sanders,Female
Aisha Ibrahim,Female
Oumar Camara,Male
Samantha Barnes,Female
Wanda Parker,Female
Sekou Diop,Male
Harper King,Female
Jabari Nkrumah,Male
Fatima Nkrumah,Female
Philip Nelson,Male
Musa Abubakar,Male
Adama Ba,Female
Fatimah Ibrahim,Female
Daniel Jones,Male
Ngozi Onyeama,Female
Adjoa Boateng,Female
Maria Martinez,Female
Kwaku Boateng,Male
Chinedu Okoro,Male
Simba Moyo,Male
Frances Coleman,Female
Sibongile Zulu,Female
Fatimah Ibrahim,Female
Adjoa Boateng,Female
Kwesi Bonsu,Male
Edward Nelson,Male
Kwaku Amponsah,Female
Joseph Richardson,Male
Justin Reed,Male
Carter Richardson,Male
Carolyn Cooper,Female
Roy Collins,Male
Jabari Nkrumah,Male
Jesse Murphy,Male
Sekou Diop,Male
Billy Coleman,Male
Stephanie Turner,Female
Mohammed Maalouf,Male
Tariq Ndlovu,Male
Victoria Morris,Female
Charlotte Gonzalez,Female
Bintou Traoré,Female
Mason Taylor,Male
Harper King,Female
Fatima Keita,Female
Aminata Cissé,Female
Margaret Scott,Female
Musa Abubakar,Male
Jumaane Diop,Male
Cameron Cox,Male
Osei Bonsu,Male
Musa Abubakar,Male
Idris Bello,Male
Jason Torres,Male
Kwesi Anang,Male
Ngozi Nwadike,Female
Janet Bryant,Female
Wanda Parker,Female
Fanta Camara,Female
Faith Coleman,Female
Fanta Camara,Female
Fanta Diallo,Female
Alex Johnson,Male
Allison Ross,Female
Nabila Bah,Female
Obinna Chukwu,Male
Stella Reed,Female
Sophia Davis,Female
Vincent Lopez,Male
Fatimah Mohammed,Female
Aminata Bello,Female
Alexis Scott,Female
Jessica Brown,Female
Nkosi Dlamini,Male
Angela Lopez,Female
Marie Kelly,Female
Heather Martinez,Female
Daniel Lewis,Male
Nadia Kamara,Female
Barbara Thomas,Female
Grayson Perez,Male
Harper King,Female
Nadia Diallo,Female
Yaa Mohammed,Female
Kwesi Anang,Male
Ryan Cox,Male
Emeka Nnamdi,Male
Yaa Mohammed,Female
Bintou Traoré,Female
Sara Henderson,Female
Oumar Camara,Male
Bintou Traoré,Female
Julia Garcia,Male
Hunter Allen,Male
Sarah Taylor,Female
Fatoumata Diagne,Female
Yaa Asante,Female
Alyssa Morris,Female
Frank Morris,Male
Jennifer Martinez,Female
Amelia Lopez,Female
Emeka Diop,Male
Omaru Sise,Male
Fanta Bah,Female
Willard Patterson,Male
Mary Taylor,Female
Mila King,Female
Yaa Asante,Female
Emeka Diop,Male
Emily Howard,Female
Yaa Asante,Female
Daniel Jones,Male
Nabila Bah,Female
Justin Adams,Male
Scarlett Price,Female
Oumar Camara,Male
Joan Morris,Female
Fatima Keita,Female
Kevin Rivera,Male
Carter Richardson,Male
Aisha Abubakar,Female
Hudson Wilson,Male
Chinwe Okonkwo,Male
Emeka Nnamdi,Male
Amelia Lopez,Female
Vanessa Foster,Female
Femi Adekunle,Male
Kwesi Bonsu,Male
Bintou Traoré,Female
Harold Simmons,Male
Charles Parker,Male
Adrian Green,Male
Noah Brown,Male
Steven James,Male
Adjoa Boateng,Female
Christina Roberts,Female
Aminata Bello,Female
Samuel Alexander,Male
Jelani Jalloh,Male
Fatima Nkrumah,Female
Anna Thompson,Female
Omaru Sise,Male
Nneka Eze,Female
Jasmine Lopez,Female
Emeka Nnamdi,Male
Emily Johnson,Female
Chiamaka Adewale,Female
James Harris,Male
Aaron King,Male
Fanta Camara,Female
Frances Coleman,Female
Jimmy Perry,Male
Nneka Abubakar,Female
Juan Collins,Male
Bintou Traoré,Female
Scarlett Price,Female
Nadia Kamara,Female
Sandra Baker,Female
Christina Walker,Female
Phillip Reed,Male
Jumaane Diop,Male
Chukwudi Eze,Male
Julia Garcia,Male
Alex Johnson,Male
Ngozi Onyeama,Female
Sanaa Oumar,Female
Akafo Jane,Female
Sanaa Oumar,Female
Kwame Asante,Male
Chinelo Nwachukwu,Female
Alex Johnson,Male
Jumaane Diop,Male
Laura Kelly,Female
Sekou Toure,Male
Fatimah Ibrahim,Female
Anna Mitchell,Female
Osei Mensah,Male
Fatima Nkrumah,Female
Luke Foster,Male
Sibongile Zulu,Female
Vanessa Foster,Female
Kwadwo Mensah,Male
Amina Azikiwe,Female
Adama Ba,Female
Sanaa Oumar,Female
John Enrick,Male
Fanta Diallo,Female
Christopher Stewart,Male
Obinna Chukwu,Male
Liam Jones,Male
Fatoumata Diop,Female
Aria Cox,Female
Albert Bennett,Male
Amelia Lopez,Female
Barbara Thomas,Female
Yaa Asante,Female
Sibongile Zulu,Female
Sebastian Wright,Male
Lindsey Flores,Female
John Smith,Male
Frances Coleman,Female
Claire Taylor,Female
Carter Richardson,Male
Yaa Mohammed,Female
Juan Diaz,Male
Chinelo Nwachukwu,Female
Uzoma Okoro,Male
Jabari Tetteh,Male
Saidou Bah,Male
Benjamin Rivera,Male
Ngozi Nwadike,Female
Mamadou Diallo,Male
Jabari Tetteh,Male
David Williams,Male
Ashley Garcia,Female
Owen Murphy,Male
Karen Harris,Female
William Moore,Male
Roger Hughes,Male
Kwesi Bonsu,Male
Sadia Traoré,Female
Karen Harris,Female
Babatunde Balogun,Male
Fatou Camara,Female
Derek Nelson,Male
Uzoma Okoro,Male
Osei Mensah,Male
Tunde Adeleke,Male
Adjoa Boateng,Female
Sekou Diop,Male
Lamidi Adekunle,Male
Ngozi Nwadike,Female
Obinna Chukwu,Male
Wanda Parker,Female
Eli Baker,Male
Kwadwo Keita,Male
Ngozi Eze,Female
Aisha Abubakar,Female
Amaechi Okafor,Female
Adrian Green,Male
Saidi Jalloh,Male
Idris Bonsu,Male
Aria Cox,Female
Fatoumata Camara,Female
Obinna Chukwu,Male
Ayodele Akinwande,Female
Yemi Adegbola,Female
Matthew Evans,Male
Faith Coleman,Female
James Lee,Male
Nadia Kamara,Female
Oumar Camara,Male
Matthew Lee,Male
Zachary Hall,Male
Trinity Harris,Female
Nathan Butler,Male
Wendy Carter,Female
Adeola Adewale,Female
Katherine Foster,Female
Jerry Coleman,Male
Donna Mitchell,Female
Christine Long,Female
Carol Ward,Female
Obinna Chukwu,Male
Nneka Eze,Female
Louis Rivera,Male
Sekou Diop,Male
Chinedu Okoro,Male
Fatoumata Diagne,Female
Patrick Reed,Male
Gary Cooper,Male
William Perez,Male
Benjamin White,Male
Pamela Wright,Female
Abena Agyeman,Female
Babajide Adebayo,Male
Jacob Sanchez,Male
Adjoa Boateng,Female
Fatoumata Camara,Female
Katelyn Flores,Female
Sanaa Oumar,Female
Allison Ross,Female
Jennifer Martinez,Female
Levi Sanchez,Male
Sekou Toure,Male
Betty King,Female
Lindsey Flores,Female
Wendy Carter,Female
Bintou Traoré,Female
Jessica Brown,Female
Samuel Alexander,Male
Mamadou Diallo,Male
Lisa Rodriguez,Female
Oumar Camara,Male
Fanta Camara,Female
Saidi Jalloh,Male
Hazel Miller,Female
Christopher Wilson,Male
Melissa Hughes,Female
Caitlin Cox,Female
David Jackson,Male
Mamoudou Chukwu,Male
Emeka Diop,Male
Nneka Abubakar,Female
Jabari Nkrumah,Male
Daniel Jones,Male
Willard Patterson,Male
Fatimah Mohammed,Female
Mohammed Maalouf,Male
Adama Ba,Female
Margaret Scott,Female
Shawn Taylor,Male
Chinelo Nwachukwu,Female
Yaa Mohammed,Female
Tunde Ogunjobi,Male
Tariq Ndlovu,Male
Nabila Cissé,Female
Shawn Taylor,Male
Zachary Hall,Male
Mohammed Maalouf,Male
Emeka Diop,Male
Obinna Chukwu,Male
Michael Phillips,Male
Olivia Turner,Female
Helen Russell,Female
Edward Nelson,Male
Doris Clark,Female
Fatoumata Camara,Female
Peyton Perez,Female
Kwasi Amoako,Male
William Moore,Male
Aminata Bello,Female
Bintou Traoré,Female
Tariq Ndlovu,Male
Danielle Bailey,Female
Sekou Diop,Male
Fanta Diallo,Female
Sadia Traoré,Female
Fatima Nkrumah,Female
Julia Richardson,Female
John Jackson,Male
Joshua Allen,Male
Osei Bonsu,Male
Omaru Sise,Male
Alan Diaz,Male
Jabari Tetteh,Male
Jesse Murphy,Male
Emeka Nnamdi,Male
Ngozi Eze,Female
Isaac Clark,Male
Patricia Lopez,Female
Mamoudou Keita,Male
Amara Sankoh,Female
Fatou Camara,Female
Michelle Campbell,Female
Aminata Bello,Female
Fanta Camara,Female
Fatoumata Diagne,Female
Saidi Jalloh,Male
Timothy Martinez,Male
Andrew Hernandez,Male
Billy Coleman,Male
Jason Torres,Male
Sadia Traoré,Female
Marie Kelly,Female
Scarlett Price,Female
Melissa Hughes,Female
Bobby Howard,Male
Nkosi Dlamini,Male
Jimmy Perry,Male
Nneka Nwadike,Female
Henry Thompson,Male
Jabari Tetteh,Male
Doris Clark,Female
Sadia Traoré,Female
Joseph Richardson,Male
Nabila Bah,Female
Kwadwo Mensah,Male
Fanta Camara,Female
Idris Bello,Male
Christine Long,Female
Kwame Asante,Male
Russell Gonzalez,Male
Heather Martinez,Female
Christopher Gonzalez,Male
Clarence Lee,Male
Marie Kelly,Female
Nadia Kamara,Female
Grayson Perez,Male
Michael Brown,Male
Leah Adams,Female
Henry Perry,Male
Joyce Foster,Female
Adama Ba,Female
Jabari Nkrumah,Male
Babatunde Balogun,Male
Bintou Traoré,Female
Alan Diaz,Male
Obinna Onyeama,Male
Fanta Bah,Female
Kemi Adeyemi,Female
Julie Nelson,Female
Obinna Chukwu,Male
Idris Bonsu,Male
Ruth Foster,Female
Mohammed Maalouf,Male
Tunde Adeleke,Male
Mamoudou Keita,Male
Tunde Ogunjobi,Male
Addison Coleman,Female
Bintou Traoré,Female
Paul Reed,Male
Fanta Camara,Female
Lamidi Adekunle,Male
Aminata Bello,Female
Amara Sankoh,Male
Aaron Coleman,Male
Joshua Allen,Male
Matthew Anderson,Male
Jared Brooks,Male
Carter Richardson,Male
Kwesi Anang,Male
Cody Davis,Male
Camila Washington,Female
Aaron King,Male
Yaa Asante,Female
Chinedu Okoro,Male
Jasmine Lopez,Female
Doris Clark,Female
Fatimah Ibrahim,Female
Tunde Ogunjobi,Male
Nadia Kamara,Female
Idris Bello,Male
Kemi Adeyemi,Female
Julian Howard,Male
Steven James,Male
Alexis Scott,Female
Nkosi Dlamini,Male
Billy Coleman,Male
Evelyn Watson,Female
Nneka Nwadike,Female
Jabari Nkrumah,Male
Frank Morris,Male
Alan Diaz,Male
Chukwudi Eze,Male
Ayodele Akinwande,Female
Abigail Mensah,Female
Tariq Ndlovu,Male
Gregory Morris,Male
Cody Davis,Male
Kyle Lewis,Male
Sibongile Zulu,Female
Ngozi Nwadike,Female
Danielle Bailey,Female
Carter Richardson,Male
Ronald Scott,Male
Emeka Nnamdi,Male
Nicholas Powell,Male
Hudson Wilson,Male
John Jackson,Male
Benjamin White,Male
Bella Hernandez,Female
Steven Collins,Male
Kwesi Anang,Male
Joseph Richardson,Male
Carol Ward,Female
Harper King,Female
Monica Perez,Female
Juan Diaz,Male
Levi Sanchez,Male
Daniel Phillips,Male
Ashley Garcia,Female
Harper King,Female
Ngozi Onyeama,Female
Joshua Allen,Male
Amara Sankoh,Female
Jackson Torres,Male
Kwaku Boateng,Male
Obinna Chukwu,Male
Anthony Hill,Male
Aaron King,Male
Martha Diaz,Female
Fatima Nkrumah,Female
William Hernandez,Male
Fatimah Mohammed,Female
Idris Bonsu,Male
David Williams,Male
Roy Collins,Male
Babatunde Adewale,Male
Christian Adams,Male
Russell Gonzalez,Male
Abena Agyeman,Female
Daniel Miller,Male
Babajide Adewale,Male
Amelia Lopez,Female
Idris Bello,Male
Theresa Sanders,Female
Idris Bello,Male
Frances Coleman,Female
Anna Thompson,Female
Jesse Murphy,Male
Christopher Gonzalez,Male
Emeka Nnamdi,Male
Osei Mensah,Male
Roger Hughes,Male
Brandon Wright,Male
Alexis Scott,Female
Sekou Toure,Male
Nadira Touré,Female
Jackson Torres,Male
Jamila Abubakar,Female
Wanda Parker,Female
Megan Stewart,Female
Uzoma Okoro,Male
Ryan Cox,Male
Babajide Adewale,Male
Cody Davis,Male
Sebastian Wright,Male
Scott Clark,Male
Michelle Campbell,Female
Sekou Toure,Male
Phillip Reed,Male
Oumar Camara,Male
Ava Martinez,Female
Amaechi Okafor,Female
Ellie Mitchell,Female
Saidi Jalloh,Male
Monica Perez,Female
Maria Martinez,Female
Kwesi Anang,Male
Jumaane Diop,Male
Ngozi Onyeama,Female
John Parker,Male
Idris Bello,Male
Sanaa Oumar,Female
Yemi Adegbola,Female
Musa Abubakar,Male
Anna Mitchell,Female
Mamoudou Chukwu,Male
Jenna Ward,Female
Ngozi Onyeama,Female
Mark Green,Male
Jennifer Martinez,Female
Ngozi Nwadike,Female
Saidou Bah,Female
Linda Perez,Female
Binta Sow,Female
Adama Ba,Female
Gerald Wood,Male
Jerry Coleman,Male
Megan Garcia,Female
Mamoudou Chukwu,Male
Janet Bryant,Female
Oliver Hernandez,Male
Kayla Russell,Female
Sebastian Wright,Male
Olivia Smith,Female
Lamidi Adekunle,Male
Kwabena Osei,Male
Idris Bello,Male
Oluwaseun Adeyemi,Male
Bella Hernandez,Female
Nabila Bah,Female
Kwame Asante,Male
Aisha Ibrahim,Female
Nicole Reed,Female
Faith Coleman,Female
Jason Torres,Male
Mohammed Maalouf,Male
Adiza Sow,Female
Kwesi Anang,Male
James Wilson,Male
Kimberly Rivera,Female
Adjoa Boateng,Female
Jason Wood,Male
Kenneth Torres,Male
Nancy Wright,Female
Fanta Diallo,Female
David Bell,Male
Ellie Mitchell,Female
Jennifer Martinez,Female
Jabari Nkrumah,Male
Nkosi Dlamini,Male
Logan Wright,Male
Trinity Harris,Female
Nneka Nwadike,Female
Adanna Nwachukwu,Female
Laura Kelly,Female
Tariq Ndlovu,Male
Babajide Adewale,Male
Chiamaka Adewale,Female
Rachel Rodriguez,Female
Sadie Baker,Female
Ngozi Onyeama,Female
Fatimah Mohammed,Female
Noah Brown,Male
Anna Hall,Female
Cody Davis,Male
Oliver Hernandez,Male
Peter Ramirez,Male
Charles Parker,Male
Aminata Touré,Female
Nneka Nwadike,Female
Emeka Diop,Male
Fatimah Mohammed,Female
Samantha Moore,Female
Victoria Young,Female
Wanda Parker,Female
Jennifer Thomas,Female
Ruth Foster,Female
Carter Richardson,Male
Ronald Scott,Male
Mohammed Maalouf,Male
Sadia Traoré,Female
Sanaa Oumar,Female
Sekou Diop,Male
Justin Adams,Male
Victoria Young,Female
Nadia Kamara,Female
Nneka Eze,Female
Michael Phillips,Male
Idris Bello,Male
Bintou Traoré,Female
Fatoumata Camara,Female
Maria Martinez,Female
Dylan Murphy,Male
Chloe Richardson,Female
Sarah Davis,Female
Isaiah Hughes,Male
Fatou Camara,Female
Nkosi Dlamini,Male
Bobby Howard,Male
Chukwudi Eze,Male
Michelle Campbell,Female
Binta Sow,Female
Mason Taylor,Male
Harper King,Female
Oumar Camara,Male
Zoe Nelson,Female
Angela Lopez,Female
Kwaku Boateng,Male
Babajide Adebayo,Male
Jenna Ward,Female
Jabari Tetteh,Male
Fatimah Ibrahim,Female
Robert Anderson,Male
Chinelo Nwachukwu,Female
Sarah Davis,Female
Sibongile Zulu,Female
Andrew Carter,Male
Amanda Lopez,Female
Liam Jones,Male
Ngozi Onyeama,Female
Emeka Nnamdi,Male
Philip Nelson,Male
Adjoa Boateng,Female
Emily Howard,Female
Timothy Martinez,Male
Chukwudi Eze,Male
Donna Mitchell,Female
Sarah Davis,Female
Robert Turner,Male
Samantha Moore,Female
Zoe Nelson,Female
Nabila Bah,Female
Nadia Diallo,Female
Ayanda Dlamini,Female
John Smith,Male
Sekou Toure,Male
Fatima Diallo,Female
Yaa Mohammed,Female
Fanta Camara,Female
Sarah Taylor,Female
Amara Sankoh,Male
Jose Thompson,Male
Martha Diaz,Female
Matthew Lee,Male
Tiffany Hill,Female
Anna Hall,Female
Nkosi Dlamini,Male
Owen Murphy,Male
Nneka Nwadike,Female
Aaron Coleman,Male
Kwame Mensah,Male
Sibongile Zulu,Female
David Jackson,Male
Nathan Butler,Male
Avery Adams,Female
Amara Sankoh,Female
Amara Sankoh,Male
Fatoumata Camara,Female
Fatimah Mohammed,Female
Kwabena Osei,Male
Kwaku Amponsah,Female
Erica Wood,Female
Jelani Jalloh,Male
Richard Martin,Male
Nadia Diallo,Female
Aminata Bello,Female
Saidi Jalloh,Male
Donna Mitchell,Female
Omaru Sise,Male
Katelyn Flores,Female
Samantha Barnes,Female
Hazel Miller,Female
Chinelo Nwachukwu,Female
Mary Taylor,Female
Bintou Traoré,Female
Noah Brown,Male
Helen Russell,Female
Amara Sankoh,Male
Saidi Jalloh,Male
Cynthia Murphy,Female
Avery Adams,Female
Anthony Hill,Male
Samantha Barnes,Female
Gabriel James,Male
Adama Ba,Female
Babatunde Balogun,Male
Kemi Adeyemi,Female
Nabila Bah,Female
Harper King,Female
Abigail Hill,Female
Ngozi Nwadike,Female
Fatoumata Camara,Female
Nadia Kamara,Female
Tunde Ogunjobi,Male
Amara Sankoh,Male
Julie Nelson,Female
Mamoudou Chukwu,Male
Zara Nkrumah,Female
Joshua Martinez,Male
Fatimah Ibrahim,Female
Daniel Jones,Male
Brittany Price,Female
Mila King,Female
Fatoumata Diop,Female
Doris Clark,Female
Abigail Mensah,Female
Allison Ross,Female
John Parker,Male
Jackson Torres,Male
Gregory Morris,Male
Heather Bailey,Female
Cameron Cox,Male
Arthur Powell,Male
Aisha Abubakar,Female
Sarah Taylor,Female
Julie Nelson,Female
Tyler Bennett,Male
Jennifer Thomas,Female
Adama Ba,Female
Chinedu Okoro,Male
Uzoma Okoro,Male
Victoria Powell,Female
Tunde Adeleke,Male
Omaru Sise,Male
Liam Jones,Male
Christian Wright,Male
Roy Collins,Male
Jeffrey Green,Male
Sadia Traoré,Female
Charles Parker,Male
Yaa Nkrumah,Female
Samantha Moore,Female
Kwabena Osei,Male
Jeffrey Green,Male
Idris Bello,Male
Ngozi Onyeama,Female
Uzoma Okoro,Male
Fatoumata Diagne,Female
Elizabeth Gonzalez,Female
Jabari Nkrumah,Male
Justin Reed,Male
Kwesi Anang,Male
Fanta Camara,Female
William Hernandez,Male
Obinna Chukwu,Male
Fatimah Ibrahim,Female
Sebastian Wright,Male
Emily Johnson,Female
Jabari Nkrumah,Male
Sekou Toure,Male
Camila Washington,Female
Obinna Chukwu,Male
Saidi Jalloh,Male
Rebecca Carter,Female
Julia Bell,Female
Sadia Traoré,Female
Fanta Diallo,Female
Aminata Cissé,Female
Fatimah Ibrahim,Female
Fatimah Mohammed,Female
Luke Foster,Male
Roy Collins,Male
Tunde Ogunjobi,Male
Uzoma Okoro,Male
Osei Bonsu,Male
Femi Adekunle,Male
Hunter Allen,Male
Emeka Diop,Male
Bintou Traoré,Female
Carter Richardson,Male
Adjoa Boateng,Female
Osei Mensah,Male
Tariq Ndlovu,Male
Obinna Onyeama,Male
Kevin King,Male
Jason Wood,Male
Peter Ramirez,Male
Kwaku Amponsah,Male
Brandon Wright,Male
Kwame Mensah,Male
Jacob Rivera,Male
Nathan Mitchell,Male
Ethan Wilson,Male
Fatimah Ibrahim,Female
Kwasi Amoako,Male
Katelyn Flores,Female
Lamidi Adekunle,Male
Gary Cooper,Male
Oluwaseun Adeyemi,Male
Josiah Adams,Male
Daniel Lewis,Male
Amaechi Okafor,Female
John Parker,Male
Evelyn Watson,Female
Ryan Turner,Male
Adanna Nwachukwu,Female
Taylor Martinez,Female
Akafo Jane,Female
Alyssa Morris,Female
Victoria Powell,Female
Aaron Coleman,Male
Cynthia Murphy,Female
Femi Adekunle,Male
Nadia Kamara,Female
Robert Anderson,Male
Noah Brown,Male
Fatou Camara,Female
Sara Henderson,Female
Kwabena Osei,Male
James Lee,Male
Jonathan Nelson,Male
Roger Hughes,Male
Nathan Mitchell,Male
Nneka Abubakar,Female
Megan Garcia,Female
Kofi Mensah,Male
Fatoumata Diop,Female
Sekou Diop,Male
Jamila Abubakar,Female
Scott Clark,Male
Erica Wood,Female
Emily Howard,Female
Nadia Diallo,Female
Babajide Adebayo,Male
Ngozi Onyeama,Female
Obinna Chukwu,Male
Obinna Chukwu,Male
Dylan Barnes,Male
Joseph Richardson,Male
Ngozi Onyeama,Female
Peyton Perez,Female
Kemi Adeyemi,Female
Kwaku Boateng,Male
Willie Price,Male
Hunter Allen,Male
Binta Sow,Female
Nadia Diallo,Female
Faith Coleman,Female
Aminata Bello,Female
Margaret Scott,Female
Evelyn Scott,Female
Emeka Diop,Male
Robert Miller,Male
Sadia Traoré,Female
Derek Nelson,Male
Simba Moyo,Male
Kwame Mensah,Male
Kwabena Osei,Male
Babajide Adebayo,Male
Tyler Bennett,Male
Joseph White,Male
Cynthia Murphy,Female
Jabari Tetteh,Male
Lamidi Adekunle,Male
David Jackson,Male
Gary Cooper,Male
Babatunde Balogun,Male
Erica Wood,Female
Shawn Taylor,Male
Jabari Nkrumah,Male
Kwabena Osei,Male
Cody Davis,Male
Fanta Camara,Female
Osei Mensah,Male
Chloe Richardson,Female
Kwadwo Keita,Male
Emily Johnson,Female
Uzoma Okoro,Male
Gloria Green,Female
Barbara Thomas,Female
Nneka Eze,Female
Nadia Diallo,Female
Sofia Bailey,Female
Ngozi Onyeama,Female
Sanaa Oumar,Female
Nabila Bah,Female
Akafo Jane,Female
Tariq Ndlovu,Male
Sekou Toure,Male
Sekou Diop,Male
Bintou Traoré,Female
Ryan Turner,Male
Fatima Nkrumah,Female
Kwame Mensah,Male
Nadia Kamara,Female
Deborah Ross,Female
Aria Cox,Female
James Wilson,Male
James Harris,Male
Kwaku Amponsah,Female
Emily Johnson,Female
David Jackson,Male
Oumar Camara,Male
Eli Baker,Male
Nicholas Powell,Male
Jacob Rivera,Male
Bella Hernandez,Female
Anna Hall,Female
James Lee,Male
Stella Reed,Female
Sandra Baker,Female
Gabriel James,Male
Lauren White,Female
Marie Kelly,Female
Alexis Scott,Female
Chinwe Ogbonna,Female
Hudson Wilson,Male
Obinna Chukwu,Male
Diane Coleman,Female
Theresa Sanders,Female
Kwame Asante,Male
Diane Coleman,Female
Chinelo Nwachukwu,Female
Fanta Camara,Female
Nadia Kamara,Female
Billy Coleman,Male
Brian Brooks,Male
Lawrence Ward,Male
Elizabeth Gonzalez,Female
Babajide Adewale,Male
Fatoumata Camara,Female
Morgan Torres,Female
Adrian Green,Male
John Enrick,Male
Ashley Johnson,Female
Lamidi Adekunle,Male
Helen Russell,Female
Anthony Hill,Male
Kwame Mensah,Male
Simba Moyo,Male
Kwabena Osei,Male
Osei Bonsu,Male
Amaechi Okafor,Female
Ashley Johnson,Female
Adanna Nwachukwu,Female
Chinwe Ogbonna,Female
Daniel Jones,Male
Osei Mensah,Male
Jabari Tetteh,Male
Kwabena Osei,Male
Aisha Abubakar,Female
Nneka Nwadike,Female
Jamila Kamara,Female
Nabila Cissé,Female
Adjoa Boateng,Female
Olivia Smith,Female
Kwame Asante,Male
Osei Bonsu,Male
Jelani Jalloh,Male
Evelyn Watson,Female
Wendy Carter,Female
Martha Diaz,Female
Amaechi Okafor,Female
Kwame Mensah,Male
Joseph Richardson,Male
Ryan Cox,Male
Justin Adams,Male
Eli Baker,Male
Gloria Green,Female
Emeka Diop,Male
Alex Johnson,Male
Adanna Nwachukwu,Female
Fatoumata Camara,Female
Adrian Green,Male
Nabila Cissé,Female
Patrick Reed,Male
Chinelo Nwachukwu,Female
Fanta Diallo,Female
Jasmine Lopez,Female
Julia Garcia,Male
Zachary Hall,Male
Adjoa Boateng,Female
Katelyn Flores,Female
Samuel Diaz,Male
Omaru Sise,Male
Marie Kelly,Female
Amina Azikiwe,Female
Sibongile Zulu,Female
Olivia Smith,Female
Camila Washington,Female
Kwabena Osei,Male
Nabila Cissé,Female
Jason Wood,Male
Jelani Jalloh,Male
Anna Mitchell,Female
Nadia Kamara,Female
Ngozi Nwadike,Female
Victoria Powell,Female
Katherine Foster,Female
Owen Murphy,Male
Sara Henderson,Female
William Perez,Male
Babajide Adewale,Male
Roy Collins,Male
Miranda Allen,Female
Sophia Davis,Female
Willard Patterson,Male
Peter Hill,Male
Jason Wood,Male
Paul Evans,Male
Tariq Ndlovu,Male
Abigail Mensah,Female
Mamadou Diallo,Male
William Hernandez,Male
Ronald Cox,Male
Jamila Kamara,Female
Femi Adekunle,Male
Claire Taylor,Female
Nabila Cissé,Female
Olivia Smith,Female
Saidi Jalloh,Male
Mamoudou Chukwu,Male
Oluwaseun Adeyemi,Male
Bobby Howard,Male
Matthew Lee,Male
Chinelo Nwachukwu,Female
Kwame Asante,Male
Simba Moyo,Male
Bintou Traoré,Female
Melissa Bailey,Female
Jesse Murphy,Male
Chinelo Nwachukwu,Female
Kemi Adeyemi,Female
Fanta Camara,Female
Allison Ross,Female
Michael Brown,Male
Nicole Reed,Female
Saidou Bah,Male
Adama Ba,Female
Christina Roberts,Female
Natalie Flores,Female
Chiamaka Adewale,Female
Elijah Perez,Male
Owen Murphy,Male
Jeremy Evans,Male
Benjamin Rivera,Male
Evelyn Watson,Female
Emeka Diop,Male
Lily Morris,Female
Amanda Lopez,Female
Obinna Chukwu,Male
Jabari Nkrumah,Male
Christopher Wilson,Male
Ayodele Akinwande,Female
Kwame Asante,Male
Kwame Asante,Male
Sanaa Oumar,Female
Jabari Nkrumah,Male
Ngozi Eze,Female
Robert Miller,Male
Christian Wright,Male
Yaa Mohammed,Female
Saidi Jalloh,Male
Adanna Nwachukwu,Female
Aisha Abubakar,Female
Matthew Evans,Male
Nneka Abubakar,Female
Daniel Green,Male
Sadia Traoré,Female
Kwadwo Mensah,Male
Emeka Diop,Male
Aria Cox,Female
Michael Brown,Male
Henry Perry,Male
Kwaku Boateng,Male
Aisha Ibrahim,Female
Phillip Reed,Male
David Williams,Male
Kevin King,Male
Emeka Nnamdi,Male
Nkosi Dlamini,Male
Babajide Adebayo,Male
Frances Coleman,Female
Emeka Diop,Male
Henry Perry,Male
Matthew Anderson,Male
Daniel Lewis,Male
Scott Clark,Male
Emilia Davis,Female
Steven James,Male
Nabila Bah,Female
Adama Ba,Female
Diane Coleman,Female
Bryan Hughes,Male
Levi Sanchez,Male
Osei Bonsu,Male
Louis Rivera,Male
Benjamin Rivera,Male
Adjoa Boateng,Female
Scott Clark,Male
Nadia Kamara,Female
Fatimah Mohammed,Female
Ngozi Eze,Female
John Enrick,Male
Ngozi Onyeama,Female
Aaron Coleman,Male
Joseph Richardson,Male
Kwame Asante,Male
Jason Wood,Male
Kristen Coleman,Female
Idris Bello,Male
Chukwudi Eze,Male
Kwabena Osei,Male
Shawn Taylor,Male
Kemi Adeyemi,Female
Idris Bello,Male
Uzoma Okoro,Male
Saidi Jalloh,Male
Femi Adekunle,Male
Osei Mensah,Male
Levi Sanchez,Male
Amanda Lopez,Female
Adanna Nwachukwu,Female
Angela Lopez,Female
Harper King,Female
Michael Smith,Male
Fatoumata Diop,Female
Jamila Abubakar,Female
Nadia Kamara,Female
Tariq Ndlovu,Male
Lauren White,Female
Chinelo Nwachukwu,Female
Mohammed Maalouf,Male
Omaru Sise,Male
Joshua Martinez,Male
Isabella Miller,Female
Caroline Bailey,Female
Thomas Young,Male
Kwaku Boateng,Male
Nneka Eze,Female
Hazel Miller,Female
Nadia Kamara,Female
Mohammed Maalouf,Male
Aisha Abubakar,Female
Adjoa Boateng,Female
Idris Bonsu,Male
Daniel Miller,Male
Tunde Ogunjobi,Male
Saidi Jalloh,Male
Clarence Lee,Male
Adjoa Boateng,Female
Hannah White,Female
Ruth Foster,Female
Kwasi Amoako,Male
Kwabena Osei,Male
Elizabeth Hall,Female
Abena Agyeman,Female
Femi Adekunle,Male
Josiah Adams,Male
Zara Nkrumah,Female
Sofia Bailey,Female
Avery Adams,Female
Amy Jenkins,Female
Michael Phillips,Male
Martha Diaz,Female
Nicole Reed,Female
Joseph White,Male
Aisha Abubakar,Female
Sekou Diop,Male
Kwabena Osei,Male
Philip Robinson,Male
Justin Reed,Male
Avery Murphy,Female
Ayodele Akinwande,Female
Mamoudou Chukwu,Male
Jumaane Diop,Male
Victoria Morris,Female
Nabila Bah,Female
Jacqueline Parker,Female
Jabari Nkrumah,Male
Nevaeh Nelson,Female
Addison Coleman,Female
Camila Washington,Female
Fanta Camara,Female
Jamila Kamara,Female
Joshua Allen,Male
Emily Johnson,Female
Abigail Mensah,Female
Patrick Reed,Male
Justin Adams,Male
Sofia Bailey,Female
Leah Adams,Female
William Perez,Male
Saidou Bah,Male
Sanaa Oumar,Female
Yemi Adegbola,Female
Kwabena Osei,Male
Austin Richardson,Male
Kwesi Anang,Male
Madison Foster,Female
Addison Coleman,Female
Emily Johnson,Female
Michael Brown,Male
Nadira Touré,Female
Musa Abubakar,Male
Albert Bennett,Male
Sandra Baker,Female
Derek Nelson,Male
Alan Diaz,Male
Kwame Mensah,Male
Shawn Taylor,Male
Harper King,Female
Abigail Hill,Female
Adam Scott,Male
Mason Taylor,Male
Yaa Nkrumah,Female
John Jackson,Male
Janet Bryant,Female
Grayson Perez,Male
Harper King,Female
Fatoumata Camara,Female
Katelyn Flores,Female
Fanta Bah,Female
Saidi Jalloh,Male
Yemi Adegbola,Female
Kwesi Bonsu,Male
Chinelo Nwachukwu,Female
Nadira Touré,Female
Nkosi Dlamini,Male
Alan Diaz,Male
Bintou Traoré,Female
Babatunde Adewale,Male
Andrew Turner,Male
Angela Lopez,Female
Jennifer Thomas,Female
Emma Williams,Female
Gloria Green,Female
Alex Johnson,Male
Osei Mensah,Male
Nadira Touré,Female
Fatoumata Camara,Female
Idris Bello,Male
Tariq Ndlovu,Male
Samantha Moore,Female
Oumar Camara,Male
Omaru Sise,Male
Fatima Diallo,Female
Carol Ward,Female
Nabila Bah,Female
Justin Adams,Male
Jabari Nkrumah,Male
Jabari Tetteh,Male
Noah Brown,Male
Chinelo Nwachukwu,Female
Amara Sankoh,Male
Ngozi Eze,Female
Emily Johnson,Female
Bintou Traoré,Female
Mamadou Diallo,Male
Christian Wright,Male
Kenneth Torres,Male
Sandra Baker,Female
Steven Collins,Male
Joshua Allen,Male
Megan Stewart,Female
Osei Bonsu,Male
Jabari Nkrumah,Male
Luke Foster,Male
Bintou Traoré,Female
Jessica Brown,Female
Justin Reed,Male
John Jackson,Male
Mamoudou Chukwu,Male
Tiffany Hill,Female
Yaa Asante,Female
Amaechi Okafor,Female
Brandon Wright,Male
Mamoudou Chukwu,Male
Scott Ward,Male
Stephanie Turner,Female
Kwesi Bonsu,Male
Aisha Ibrahim,Female
Elizabeth Gonzalez,Female
Cassandra Coleman,Female
Scarlett Price,Female
Sanaa Oumar,Female
Claire Taylor,Female
Femi Adekunle,Male
Sadia Traoré,Female
Uzoma Okoro,Male
Henry Perry,Male
Harper King,Female
Aisha Abubakar,Female
Sekou Toure,Male
Oluwaseun Adeyemi,Male
Kwasi Amoako,Male
Billy Coleman,Male
Chinedu Okoro,Male
Mila King,Female
Joseph Richardson,Male
Kwesi Anang,Male
Osei Bonsu,Male
Ngozi Eze,Female
Julian Howard,Male
Saidi Jalloh,Male
Lamidi Adekunle,Male
Bobby Howard,Male
Fatimah Ibrahim,Female
Ngozi Onyeama,Female
Bobby Howard,Male
Aminata Cissé,Female
Saidi Jalloh,Male
Bintou Traoré,Female
Idris Bello,Male
Fatima Nkrumah,Female
Babatunde Adewale,Male
Emma Williams,Female
Tariq Ndlovu,Male
Thomas Young,Male
Saidi Jalloh,Male
Matthew Evans,Male
Fatoumata Diop,Female
Femi Adekunle,Male
Ethan Wilson,Male
Dorothy Adams,Female
Fatoumata Camara,Female
Tyler Bennett,Male
Fanta Camara,Female
Mohammed Maalouf,Male
Nathan Butler,Male
Bintou Traoré,Female
Chinwe Ogbonna,Female
Michael Phillips,Male
Kwadwo Mensah,Male
Albert Bennett,Male
Chukwudi Eze,Male
Fanta Bah,Female
Amara Sankoh,Male
Tiffany Hill,Female
Jonathan Nelson,Male
Ngozi Eze,Female
Bella Hernandez,Female
Tariq Ndlovu,Male
Derek Nelson,Male
Ava Martinez,Female
Kwabena Osei,Male
Kwadwo Keita,Male
Martha Diaz,Female
Christine Young,Female
Emeka Nnamdi,Male
Emily Johnson,Female
Amaechi Okafor,Female
Adjoa Boateng,Female
Paul Evans,Male
Kylie Lewis,Female
Kwabena Osei,Male
Musa Abubakar,Male
Mohammed Maalouf,Male
Rachel Rodriguez,Female
Jason Wood,Male
Yaa Asante,Female
Anna Thompson,Female
Robert Anderson,Male
Kwesi Anang,Male
Fatoumata Camara,Female
Osei Mensah,Male
Gloria Green,Female
Ayodele Akinwande,Female
Jerry Coleman,Male
Cynthia Murphy,Female
Kwame Mensah,Male
Emily Carter,Female
Jumaane Diop,Male
Adjoa Boateng,Female
Ngozi Nwadike,Female
Jamila Abubakar,Female
Theresa Sanders,Female
Victoria Powell,Female
Aminata Touré,Female
Idris Bonsu,Male
Aisha Abubakar,Female
William Perez,Male
Daniel Jones,Male
Amelia Lopez,Female
Chinwe Ogbonna,Female
Saidi Jalloh,Male
Donna Mitchell,Female
Alex Johnson,Male
Kyle Lewis,Male
Isaiah Hughes,Male
Richard Martin,Male
Emeka Nnamdi,Male
Ngozi Onyeama,Female
Julian Howard,Male
Betty King,Female
Chinelo Nwachukwu,Female
Nancy Wright,Female
Olivia Turner,Female
Daniel Phillips,Male
Evelyn Watson,Female
Ryan Cox,Male
Robert Anderson,Male
Fanta Camara,Female
Andrew Turner,Male
Carolyn Cooper,Female
Kwabena Osei,Male
Daniel Miller,Male
Matthew Anderson,Male
Dorothy Adams,Female
Harold Simmons,Male
Jose Thompson,Male
Samuel Alexander,Male
Omaru Sise,Male
Emeka Diop,Male
Cassandra Coleman,Female
Aminata Bello,Female
Jerry Coleman,Male
David Bell,Male
Alice Gonzales,Female
Luke Foster,Male
Lindsay Young,Female
Amy Jenkins,Female
Isaiah Hughes,Male
Nabila Bah,Female
Kwadwo Keita,Male
Kwaku Amponsah,Male
Clarence Lee,Male
Idris Bello,Male
Ashley Martinez,Female
Leah Adams,Female
Jumaane Diop,Male
Uzoma Okoro,Male
Kwesi Anang,Male
Osei Mensah,Male
Amy Jenkins,Female
Angela Price,Female
Chukwudi Eze,Male
Adama Ba,Female
Lindsey Flores,Female
Harold Simmons,Male
Cassandra Coleman,Female
Kwadwo Keita,Male
Fatimah Mohammed,Female
Harold Simmons,Male
Ryan Turner,Male
David Bell,Male
Sekou Diop,Male
Kwesi Bonsu,Male
Jabari Tetteh,Male
Chinelo Nwachukwu,Female
Adrian Green,Male
Jesse Murphy,Male
Adjoa Boateng,Female
Phillip Reed,Male
Kwaku Boateng,Male
Kwame Asante,Male
Simba Moyo,Male
Paul Reed,Male
Jose Thompson,Male
Ngozi Nwadike,Female
Hazel Miller,Female
Janet Bryant,Female
Amina Azikiwe,Female
Mamadou Diallo,Male
Aaron Coleman,Male
Ava Martinez,Female
Vincent Lopez,Male
Monica Perez,Female
Charlotte Gonzalez,Female
Nneka Nwadike,Female
Chiamaka Adewale,Female
Abigail Mensah,Female
Kwesi Anang,Male
William Moore,Male
Vanessa Foster,Female
Linda Perez,Female
Juan Diaz,Male
Katelyn Flores,Female
Marie Kelly,Female
Leah Adams,Female
Albert Bennett,Male
Christopher Wilson,Male
Julie Nelson,Female
Bintou Traoré,Female
Cassandra Coleman,Female
Anna Mitchell,Female
Uzoma Okoro,Male
Nadia Kamara,Female
Saidi Jalloh,Male
Sibongile Zulu,Female
Uzoma Okoro,Male
Kwesi Anang,Male
Addison Coleman,Female
Sekou Toure,Male
Amaechi Okafor,Female
Nneka Nwadike,Female
Kemi Adeyemi,Female
Lindsay Young,Female
Amaechi Okafor,Female
Nabila Sow,Female
Gregory Morris,Male
Olivia Smith,Female
Henry Thompson,Male
Caleb Ward,Male
William Moore,Male
Musa Abubakar,Male
Saidou Bah,Female
Grayson Perez,Male
Erica Wood,Female
Jose Thompson,Male
Mamadou Diallo,Male
Juan Collins,Male
Willie Price,Male
Fatoumata Diop,Female
Justin Reed,Male
Fatoumata Camara,Female
James Wilson,Male
Avery Murphy,Female
Kwame Asante,Male
Kwesi Anang,Male
George Cook,Male
Aaron King,Male
Nkosi Dlamini,Male
Sekou Diop,Male
Abena Agyeman,Female
Sekou Diop,Male
Mamoudou Chukwu,Male
Christina Roberts,Female
Nicholas Powell,Male
Dean Cook,Male
Anthony Hill,Male
Mamoudou Chukwu,Male
Tunde Adeleke,Male
Ngozi Onyeama,Female
Kwesi Anang,Male
Mohammed Maalouf,Male
Betty King,Female
Emilia Davis,Female
Melissa Hughes,Female
Samantha Barnes,Female
Jelani Jalloh,Male
Arthur Powell,Male
Kwame Asante,Male
Eli Baker,Male
Kofi Mensah,Male
Bintou Traoré,Female
Jacob Sanchez,Male
Daniel Green,Male
Julia Bell,Female
Fanta Diallo,Female
Julian Howard,Male
Martha Diaz,Female
Jamila Kamara,Female
Cynthia Murphy,Female
Scott Ward,Male
Akafo Jane,Female
Kemi Adeyemi,Female
Josiah Adams,Male
Dylan Barnes,Male
Deborah Ross,Female
Maria Martinez,Female
Jeremy Evans,Male
Thomas Young,Male
Jamila Abubakar,Female
Oumar Camara,Male
Osei Bonsu,Male
Kelly Ramirez,Female
Mamadou Diallo,Male
Chiamaka Adewale,Female
Carter Richardson,Male
Musa Abubakar,Male
Brandon Wright,Male
Noah Brown,Male
Timothy Bennett,Male
Obinna Chukwu,Male
Samantha Moore,Female
Dean Cook,Male
Helen Russell,Female
Megan Garcia,Female
Ryan Turner,Male
Brenda Sanchez,Female
Nathan Butler,Male
Babatunde Adewale,Male
Fatima Nkrumah,Female
Carol Ward,Female
Jumaane Diop,Male
Kevin Rivera,Male
Mohammed Maalouf,Male
Nkosi Dlamini,Male
John Smith,Male
Tariq Ndlovu,Male
Samantha Moore,Female
Bella Hernandez,Female
Madison Foster,Female
Amaechi Okafor,Female
Ava Martinez,Female
Ava Martinez,Female
Michelle Howard,Female
Matthew Anderson,Male
Daniel Jones,Male
Mason Taylor,Male
Eli Baker,Male
Bella Hernandez,Female
Nneka Nwadike,Female
Deborah Ross,Female
Bintou Traoré,Female
Morgan Torres,Female
Kwadwo Keita,Male
Nabila Cissé,Female
Linda Perez,Female
Megan Garcia,Female
Michelle Campbell,Female
Anthony Hill,Male
William Hernandez,Male
Richard Martin,Male
Kwesi Bonsu,Male
Babatunde Adewale,Male
Leah Adams,Female
Kwame Mensah,Male
Jessica Davis,Female
Mamoudou Keita,Male
Fatoumata Camara,Female
Jamila Kamara,Female
Frances Coleman,Female
Bintou Traoré,Female
Linda Perez,Female
Akafo Jane,Female
Fanta Diallo,Female
Eugene Washington,Male
Fatima Keita,Female
Cynthia Murphy,Female
Matthew Lee,Male
Kwadwo Keita,Male
Akafo Jane,Female
Saidi Jalloh,Male
Chinwe Ogbonna,Female
Jelani Jalloh,Male
Dorothy Adams,Female
Tariq Ndlovu,Male
Jacqueline Parker,Female
Julia Bell,Female
Cynthia Murphy,Female
Nancy Wright,Female
Nicole King,Female
Ruth Foster,Female
Kwabena Osei,Male
Mason Taylor,Male
Eli Baker,Male
Ashley Garcia,Female
Nneka Nwadike,Female
Samantha Barnes,Female
Avery Murphy,Female
Andrew Turner,Male
Emily Howard,Female
Nadia Kamara,Female
Margaret Scott,Female
Natalie Flores,Female
Fatoumata Diop,Female
Mamoudou Chukwu,Male
Emily Carter,Female
Gary Cooper,Male
Mamadou Diallo,Male
Babatunde Adewale,Male
Shawn Taylor,Male
Aminata Cissé,Female
Laura Kelly,Female
Uzoma Okoro,Male
Sekou Diop,Male
Abigail Mensah,Female
Yemi Adegbola,Female
Mamadou Diallo,Male
Theresa Sanders,Female
Bella Hernandez,Female
Chinelo Nwachukwu,Female
Kwadwo Mensah,Male
Daniel Lewis,Male
Zachary Hall,Male
Nabila Bah,Female
Nicholas Powell,Male
Maria Martinez,Female
Osei Bonsu,Male
Caroline Bailey,Female
Cameron Cox,Male
Adjoa Boateng,Female
Harold Simmons,Male
David Bell,Male
Simba Moyo,Male
Megan Garcia,Female
Nadia Diallo,Female
Daniel Phillips,Male
Luke Foster,Male
Kelly Ramirez,Female
Marie Kelly,Female
Nneka Nwadike,Female
Osei Bonsu,Male
Kwaku Amponsah,Male
Saidi Jalloh,Male
Steven Collins,Male
Babajide Adebayo,Male
Yaa Nkrumah,Female
Mary Taylor,Female
Sara Henderson,Female
Zoe Nelson,Female
Juan Collins,Male
Daniel Jones,Male
Kemi Adeyemi,Female
Fatoumata Diop,Female
Idris Bello,Male
Dean Cook,Male
Peter Hill,Male
Ayanda Dlamini,Female
Kwesi Anang,Male
Aisha Abubakar,Female
Maria Martinez,Female
Emeka Diop,Male
Kwabena Osei,Male
Fanta Camara,Female
Christopher Wilson,Male
Ashley Garcia,Female
Ashley Johnson,Female
Aaron Coleman,Male
Caitlin Cox,Female
Amaechi Okafor,Female
Mohammed Maalouf,Male
Ronald Scott,Male
Adiza Sow,Female
Adjoa Boateng,Female
Anna Hall,Female
Chinedu Okoro,Male
Adam Scott,Male
Alyssa Morris,Female
Daniel Jones,Male
Ellie Mitchell,Female
Fanta Camara,Female
Oumar Camara,Male
Vincent Lopez,Male
Adjoa Boateng,Female
Chiamaka Adewale,Female
Ngozi Nwadike,Female
Adrian Green,Male
Allison Ross,Female
Christian Wright,Male
Adama Ba,Female
Nneka Eze,Female
Osei Mensah,Male
Ruth Foster,Female
Henry Thompson,Male
Eugene Washington,Male
Fatima Nkrumah,Female
Chinedu Okoro,Male
Amelia Lopez,Female
Bobby Howard,Male
Sophia Davis,Female
Fanta Diallo,Female
Sophia Davis,Female
Kwaku Amponsah,Female
Roy Collins,Male
Kwaku Amponsah,Female
Justin Adams,Male
Zara Nkrumah,Female
Grayson Perez,Male
Musa Abubakar,Male
Ayanda Dlamini,Female
Babatunde Balogun,Male
Lucas Anderson,Male
Yaa Mohammed,Female
Fatoumata Diagne,Female
Mary Taylor,Female
Steven James,Male
Brenda Sanchez,Female
Oumar Camara,Male
Fatoumata Diagne,Female
Adam Scott,Male
Ellie Mitchell,Female
Megan Garcia,Female
Samantha Moore,Female
Jennifer Thomas,Female
Patricia Lopez,Female
Hunter Allen,Male
Chiamaka Adewale,Female
Ngozi Eze,Female
David Jackson,Male
Jamila Abubakar,Female
Jumaane Diop,Male
Gerald Wood,Male
Timothy Bennett,Male
Victoria Young,Female
Sekou Toure,Male
Sadie Baker,Female
Sylvia Jenkins,Female
Samantha Barnes,Female
John Jackson,Male
Brenda Sanchez,Female
Babatunde Balogun,Male
Jabari Nkrumah,Male
John Smith,Male
Ava Martinez,Female
Aisha Abubakar,Female
Willie Price,Male
Cody Davis,Male
Nadia Kamara,Female
John Jackson,Male
Saidou Bah,Male
Daniel Lewis,Male
Sarah Taylor,Female
Kwame Mensah,Male
Sekou Toure,Male
Adjoa Boateng,Female
Chukwudi Eze,Male
Samantha Moore,Female
Amanda Lopez,Female
Mamoudou Chukwu,Male
Joseph White,Male
Daniel Green,Male
Simba Moyo,Male
Kwesi Bonsu,Male
Nabila Bah,Female
Cameron Cox,Male
Yaa Mohammed,Female
Steven James,Male
Ashley Garcia,Female
Kemi Adeyemi,Female
Tariq Ndlovu,Male
Harper King,Female
Marie Kelly,Female
Austin Richardson,Male
Cassandra Coleman,Female
Fatoumata Diagne,Female
Amara Sankoh,Male
Aminata Bello,Female
Jerry Coleman,Male
Joshua Martinez,Male
Cassandra Coleman,Female
Obinna Chukwu,Male
Adjoa Boateng,Female
James Harris,Male
Harper King,Female
Madison Foster,Female
Zoe Nelson,Female
Fanta Camara,Female
Julia Bell,Female
Abigail Mensah,Female
Emily Johnson,Female
Angela Lopez,Female
Kwesi Anang,Male
Saidou Bah,Male
Andrew Carter,Male
Hudson Wilson,Male
Jennifer Martinez,Female
Bintou Traoré,Female
Anthony Hill,Male
Sharon Simmons,Female
Derek Nelson,Male
Paul Reed,Male
Bintou Traoré,Female
Noah Brown,Male
Kwaku Boateng,Male
Danielle Bailey,Female
Bintou Traoré,Female
Ngozi Nwadike,Female
James Lee,Male
Chukwudi Eze,Male
Kwadwo Mensah,Male
Fatoumata Camara,Female
Christina Roberts,Female
Carol Ward,Female
Linda Perez,Female
Jabari Nkrumah,Male
Fatima Nkrumah,Female
Kemi Adeyemi,Female
Nneka Nwadike,Female
Chiamaka Adewale,Female
Chinedu Okoro,Male
Fanta Camara,Female
Hudson Wilson,Male
Daniel Green,Male
Jennifer Martinez,Female
Nneka Nwadike,Female
John Smith,Male
Jabari Tetteh,Male
Idris Bonsu,Male
Mamoudou Keita,Male
Victoria Morris,Female
Willie Price,Male
Jabari Nkrumah,Male
Nadia Kamara,Female
Isabella Miller,Female
Bintou Traoré,Female
Elizabeth Gonzalez,Female
Emma Williams,Female
Harold Simmons,Male
Emeka Nnamdi,Male
Jackson Torres,Male
Jeremy Evans,Male
Marie Kelly,Female
Cameron Cox,Male
Michelle Howard,Female
Kristen Coleman,Female
Sebastian Wright,Male
Olivia Smith,Female
Henry Perry,Male
Christine Young,Female
Thomas Young,Male
