Id,Nom,Prenom,Adresse,Telephone,Email,Sexe,Matricule
1,Mark,Green,,,,M,
2,Chukwudi,Eze,,,,M,
3,Babatunde,Adewale,,,,M,
4,Victoria,Young,,,,F,
5,Fanta,Camara,,,,F,
6,Peyton,Perez,,,,F,
7,Adam,Scott,,,,M,
8,Kyle,Lewis,,,,M,
9,Ngozi,Eze,,,,F,
10,Hudson,Wilson,,,,M,
11,Anna,Thompson,,,,F,
12,Nneka,Eze,,,,F,
13,Musa,Abubakar,,,,M,
14,Betty,King,,,,F,
15,Philip,Robinson,,,,M,
16,Sharon,Simmons,,,,F,
17,Idris,Bello,,,,M,
18,Victoria,Powell,,,,F,
19,Kwesi,Agyei,,,,M,
20,Camila,Washington,,,,F,
21,Adanna,Nwachukwu,,,,F,
22,Jabari,Tetteh,,,,M,
23,Mamadou,Diallo,,,,M,
24,Roger,Hughes,,,,M,
25,Chinelo,Nwachukwu,,,,F,
26,Sylvia,Jenkins,,,,F,
27,Samuel,Alexander,,,,M,
28,Kwaku,Boateng,,,,M,
29,Jerry,Coleman,,,,M,
30,Christopher,Wilson,,,,M,
31,Fatimah,Ibrahim,,,,F,
32,Obinna,Chukwu,,,,M,
33,Julia,Garcia,,,,M,
34,Brandon,Wright,,,,M,
35,Abigail,Mensah,,,,F,
36,Nabila,Cissé,,,,F,
37,Kwadwo,Keita,,,,M,
38,Christian,Adams,,,,M,
39,Julian,Howard,,,,M,
40,Mohammed,Maalouf,,,,M,
41,Aisha,Ibrahim,,,,F,
42,Kwame,Mensah,,,,M,
43,Kwaku,Amponsah,,,,M,
44,Nneka,Nwadike,,,,F,
45,Jabari,Nkrumah,,,,M,
46,Fatima,Nkrumah,,,,F,
47,Emeka,Nnamdi,,,,M,
48,Chinwe,Okonkwo,,,,M,
49,Mamoudou,Keita,,,,M,
50,Angela,Lopez,,,,F,
51,Isaac,Clark,,,,M,
52,Simba,Moyo,,,,M,
53,Daniel,Phillips,,,,M,
54,Ruth,Foster,,,,F,
55,Emily,Carter,,,,F,
56,Lily,Morris,,,,F,
57,David,Bell,,,,M,
58,Zoe,Nelson,,,,F,
59,Sekou,Diop,,,,M,
60,Danielle,Bailey,,,,F,
61,Sekou,Toure,,,,M,
62,Natalie,Flores,,,,F,
63,John,Parker,,,,M,
64,Hazel,Miller,,,,F,
65,Saidi,Jalloh,,,,M,
66,Joseph,White,,,,M,
67,Amanda,Lopez,,,,F,
68,Osei,Bonsu,,,,M,
69,Chinwe,Ogbonna,,,,F,
70,Chinedu,Okoro,,,,M,
71,Alan,Diaz,,,,M,
72,Michelle,Howard,,,,F,
73,Luke,Foster,,,,M,
74,Elijah,Perez,,,,M,
75,Julia,Richardson,,,,F,
76,Grace,Edwards,,,,F,
77,Kevin,King,,,,M,
78,Karen,Harris,,,,F,
79,Nkosi,Dlamini,,,,M,
80,Kwame,Asante,,,,M,
81,Owen,Murphy,,,,M,
82,Sebastian,Wright,,,,M,
83,Gerald,Wood,,,,M,
84,Adama,Ba,,,,F,
85,Jonathan,Nelson,,,,M,
86,Henry,Thompson,,,,M,
87,Wyatt,Russell,,,,M,
88,William,Hernandez,,,,M,
89,Fatima,Keita,,,,F,
90,Donna,Mitchell,,,,F,
91,Steven,James,,,,M,
92,Nabila,Bah,,,,F,
93,Aisha,Kamau,,,,F,
94,Ngozi,Nwadike,,,,F,
95,Grace,Hughes,,,,F,
96,Matthew,Evans,,,,M,
97,Obinna,Onyeama,,,,M,
98,Saidou,Bah,,,,M,
99,Aminata,Touré,,,,F,
100,Anna,Mitchell,,,,F,
101,Monica,Perez,,,,F,
102,Emeka,Diop,,,,M,
103,John,Enrick,,,,M,
104,Lindsay,Young,,,,F,
105,Leah,Adams,,,,F,
106,Sanaa,Oumar,,,,F,
107,Brenda,Sanchez,,,,F,
108,Bella,Hernandez,,,,F,
109,Trinity,Harris,,,,F,
110,Phillip,Reed,,,,M,
111,Binta,Sow,,,,F,
112,Ayodele,Akinwande,,,,F,
113,Joshua,Allen,,,,M,
114,Frances,Coleman,,,,F,
115,Jimmy,Perry,,,,M,
116,Tunde,Ogunjobi,,,,M,
117,Lamidi,Adekunle,,,,M,
118,Cody,Davis,,,,M,
119,Mila,King,,,,F,
120,Sibongile,Zulu,,,,F,
121,Fatoumata,Diagne,,,,F,
122,Lisa,Rodriguez,,,,F,
123,Joseph,Richardson,,,,M,
124,Chloe,Richardson,,,,F,
125,Scott,Clark,,,,M,
126,William,Moore,,,,M,
127,Edward,Nelson,,,,M,
128,Patrick,Reed,,,,M,
129,Jelani,Jalloh,,,,M,
130,Nicole,Reed,,,,F,
131,Alyssa,Morris,,,,F,
132,Dorothy,Adams,,,,F,
133,Billy,Coleman,,,,M,
134,Steven,Collins,,,,M,
135,Uzoma,Okoro,,,,M,
136,Nadira,Touré,,,,F,
137,Charles,Parker,,,,M,
138,Caroline,Bailey,,,,F,
139,Aminata,Cissé,,,,F,
140,Tunde,Adeleke,,,,M,
141,Brittany,Price,,,,F,
142,Ashley,Garcia,,,,F,
143,Hannah,Washington,,,,F,
144,Kwadwo,Mensah,,,,M,
145,Femi,Adekunle,,,,M,
146,Kevin,Rivera,,,,M,
147,Ava,Martinez,,,,F,
148,Adrian,Green,,,,M,
149,Russell,Gonzalez,,,,M,
150,Nancy,Wright,,,,F,
151,Brian,Brooks,,,,M,
152,Ronald,Scott,,,,M,
153,Kwasi,Amoako,,,,M,
154,Yaa,Asante,,,,F,
155,Jeremy,Evans,,,,M,
156,Adiza,Sow,,,,F,
157,Christine,Young,,,,F,
158,Scarlett,Price,,,,F,
159,Ryan,Cox,,,,M,
160,Timothy,Bennett,,,,M,
161,Brandon,Green,,,,M,
162,Miranda,Allen,,,,F,
163,Andrew,Turner,,,,M,
164,Melissa,Bailey,,,,F,
165,Cassandra,Coleman,,,,F,
166,John,Jackson,,,,M,
167,Alex,Johnson,,,,M,
168,Richard,Martin,,,,M,
169,Jacob,Rivera,,,,M,
170,Carter,Richardson,,,,M,
171,Nicholas,Powell,,,,M,
172,Adjoa,Boateng,,,,F,
173,Kwesi,Anang,,,,M,
174,Olivia,Smith,,,,F,
175,Robert,Miller,,,,M,
176,Willie,Price,,,,M,
177,Caitlin,Cox,,,,F,
178,Jumaane,Diop,,,,M,
179,Fanta,Bah,,,,F,
180,Juan,Diaz,,,,M,
181,Kwabena,Osei,,,,M,
182,Amina,Azikiwe,,,,F,
183,Brooklyn,Sanchez,,,,F,
184,Patricia,Lopez,,,,F,
185,Nicole,King,,,,F,
186,Kwesi,Bonsu,,,,M,
187,Margaret,Scott,,,,F,
188,Kwaku,Amponsah,,,,F,
189,Jesse,Murphy,,,,M,
190,Amy,Jenkins,,,,F,
191,Sarah,Davis,,,,F,
192,Fatoumata,Camara,,,,F,
193,Bintou,Traoré,,,,F,
194,Michael,Phillips,,,,M,
195,Caleb,Ward,,,,M,
196,George,Cook,,,,M,
197,Ngozi,Onyeama,,,,F,
198,Rebecca,Rivera,,,,F,
199,Christopher,Gonzalez,,,,M,
200,Julie,Nelson,,,,F,
201,Fanta,Diallo,,,,F,
202,Helen,Russell,,,,F,
203,Fatimah,Mohammed,,,,F,
204,Derek,Nelson,,,,M,
205,Harper,King,,,,F,
206,Daniel,Green,,,,M,
207,Michael,Smith,,,,M,
208,Amara,Sankoh,,,,M,
209,Bobby,Howard,,,,M,
210,William,Perez,,,,M,
211,Anthony,Hill,,,,M,
212,Sara,Henderson,,,,F,
213,Aria,Cox,,,,F,
214,Osei,Mensah,,,,M,
215,Omaru,Sise,,,,M,
216,Aisha,Abubakar,,,,F,
217,Oumar,Camara,,,,M,
218,Matthew,Lee,,,,M,
219,Christopher,Stewart,,,,M,
220,Taylor,Turner,,,,F,
221,Emma,Williams,,,,F,
222,Ashley,Martinez,,,,F,
223,Rebecca,Carter,,,,F,
224,Amaechi,Okafor,,,,F,
225,James,Lee,,,,M,
226,Thomas,Young,,,,M,
227,Alexis,Scott,,,,F,
228,Joshua,Martinez,,,,M,
229,Yaa,Nkrumah,,,,F,
230,Eli,Baker,,,,M,
231,Christian,Wright,,,,M,
232,Avery,Murphy,,,,F,
233,Michelle,Campbell,,,,F,
234,Fatou,Camara,,,,F,
235,Jamila,Kamara,,,,F,
236,Sadia,Traoré,,,,F,
237,Madison,Foster,,,,F,
238,Allison,Ross,,,,F,
239,Kristen,Coleman,,,,F,
240,Taylor,Martinez,,,,F,
241,Kimberly,Rivera,,,,F,
242,Daniel,Lewis,,,,M,
243,Heather,Bailey,,,,F,
244,James,Wilson,,,,M,
245,Matthew,Anderson,,,,M,
246,Martha,Diaz,,,,F,
247,Liam,Jones,,,,M,
248,Andrew,Hernandez,,,,M,
249,Jasmine,Lopez,,,,F,
250,Ryan,Turner,,,,M,
251,Samantha,Barnes,,,,F,
252,Chiamaka,Adewale,,,,F,
253,Kayla,Russell,,,,F,
254,Nneka,Abubakar,,,,F,
255,Melissa,Hughes,,,,F,
256,Lindsey,Flores,,,,F,
257,Jason,Wood,,,,M,
258,Zara,Nkrumah,,,,F,
259,Olivia,Turner,,,,F,
260,Ayanda,Dlamini,,,,F,
261,Abena,Agyeman,,,,F,
262,Carol,Ward,,,,F,
263,Maria,Martinez,,,,F,
264,Claire,Taylor,,,,F,
265,Jamila,Abubakar,,,,F,
266,Jessica,Davis,,,,F,
267,Wanda,Parker,,,,F,
268,David,Jackson,,,,M,
269,Wayne,Carter,,,,M,
270,Louis,Rivera,,,,M,
271,Cameron,Cox,,,,M,
272,Kofi,Mensah,,,,M,
273,Yemi,Adegbola,,,,F,
274,Oluwaseun,Adeyemi,,,,M,
275,Peter,Ramirez,,,,M,
276,Hunter,Allen,,,,M,
277,Fatoumata,Diop,,,,F,
278,Emilia,Davis,,,,F,
279,Babajide,Adebayo,,,,M,
280,Clarence,Lee,,,,M,
281,Jenna,Ward,,,,F,
282,Vanessa,Foster,,,,F,
283,Anna,Hall,,,,F,
284,Victoria,Morris,,,,F,
285,Robert,Anderson,,,,M,
286,Jennifer,Thomas,,,,F,
287,Emily,Johnson,,,,F,
288,Benjamin,White,,,,M,
289,James,Harris,,,,M,
290,Nadia,Kamara,,,,F,
291,Timothy,Martinez,,,,M,
292,Babajide,Adewale,,,,M,
293,Tariq,Ndlovu,,,,M,
294,Fatima,Diallo,,,,F,
295,Mason,Taylor,,,,M,
296,Joan,Morris,,,,F,
297,Nadia,Diallo,,,,F,
298,Lauren,White,,,,F,
299,Sandra,Baker,,,,F,
300,Laura,Kelly,,,,F,
301,Willard,Patterson,,,,M,
302,Christina,Walker,,,,F,
303,Philip,Nelson,,,,M,
304,Austin,Richardson,,,,M,
305,Christina,Roberts,,,,F,
306,Jessica,Brown,,,,F,
307,Zachary,Hall,,,,M,
308,Wendy,Carter,,,,F,
309,Mary,Taylor,,,,F,
310,Peter,Hill,,,,M,
311,Tiffany,Hill,,,,F,
312,Yaa,Mohammed,,,,F,
313,Cynthia,Murphy,,,,F,
314,Diane,Coleman,,,,F,
315,Babatunde,Balogun,,,,M,
316,Ashley,Johnson,,,,F,
317,Theresa,Sanders,,,,F,
318,Daniel,Jones,,,,M,
319,Justin,Reed,,,,M,
320,Carolyn,Cooper,,,,F,
321,Roy,Collins,,,,M,
322,Stephanie,Turner,,,,F,
323,Charlotte,Gonzalez,,,,F,
324,Jason,Torres,,,,M,
325,Janet,Bryant,,,,F,
326,Faith,Coleman,,,,F,
327,Stella,Reed,,,,F,
328,Sophia,Davis,,,,F,
329,Vincent,Lopez,,,,M,
330,Aminata,Bello,,,,F,
331,Marie,Kelly,,,,F,
332,Heather,Martinez,,,,F,
333,Barbara,Thomas,,,,F,
334,Grayson,Perez,,,,M,
335,Sarah,Taylor,,,,F,
336,Frank,Morris,,,,M,
337,Jennifer,Martinez,,,,F,
338,Amelia,Lopez,,,,F,
339,Emily,Howard,,,,F,
340,Justin,Adams,,,,M,
341,Harold,Simmons,,,,M,
342,Noah,Brown,,,,M,
343,Aaron,King,,,,M,
344,Juan,Collins,,,,M,
345,Akafo,Jane,,,,F,
346,Albert,Bennett,,,,M,
347,John,Smith,,,,M,
348,Benjamin,Rivera,,,,M,
349,David,Williams,,,,M,
350,Idris,Bonsu,,,,M,
351,Nathan,Butler,,,,M,
352,Adeola,Adewale,,,,F,
353,Katherine,Foster,,,,F,
354,Christine,Long,,,,F,
355,Gary,Cooper,,,,M,
356,Pamela,Wright,,,,F,
357,Jacob,Sanchez,,,,M,
358,Katelyn,Flores,,,,F,
359,Levi,Sanchez,,,,M,
360,Mamoudou,Chukwu,,,,M,
361,Shawn,Taylor,,,,M,
362,Doris,Clark,,,,F,
363,Amara,Sankoh,,,,F,
364,Michael,Brown,,,,M,
365,Henry,Perry,,,,M,
366,Joyce,Foster,,,,F,
367,Kemi,Adeyemi,,,,F,
368,Addison,Coleman,,,,F,
369,Paul,Reed,,,,M,
370,Aaron,Coleman,,,,M,
371,Jared,Brooks,,,,M,
372,Evelyn,Watson,,,,F,
373,Gregory,Morris,,,,M,
374,Jackson,Torres,,,,M,
375,Daniel,Miller,,,,M,
376,Megan,Stewart,,,,F,
377,Ellie,Mitchell,,,,F,
378,Saidou,Bah,,,,F,
379,Linda,Perez,,,,F,
380,Megan,Garcia,,,,F,
381,Oliver,Hernandez,,,,M,
382,Kenneth,Torres,,,,M,
383,Logan,Wright,,,,M,
384,Rachel,Rodriguez,,,,F,
385,Sadie,Baker,,,,F,
386,Samantha,Moore,,,,F,
387,Dylan,Murphy,,,,M,
388,Isaiah,Hughes,,,,M,
389,Andrew,Carter,,,,M,
390,Robert,Turner,,,,M,
391,Jose,Thompson,,,,M,
392,Avery,Adams,,,,F,
393,Erica,Wood,,,,F,
394,Gabriel,James,,,,M,
395,Abigail,Hill,,,,F,
396,Arthur,Powell,,,,M,
397,Tyler,Bennett,,,,M,
398,Jeffrey,Green,,,,M,
399,Elizabeth,Gonzalez,,,,F,
400,Julia,Bell,,,,F,
401,Nathan,Mitchell,,,,M,
402,Ethan,Wilson,,,,M,
403,Josiah,Adams,,,,M,
404,Dylan,Barnes,,,,M,
405,Evelyn,Scott,,,,F,
406,Gloria,Green,,,,F,
407,Sofia,Bailey,,,,F,
408,Deborah,Ross,,,,F,
409,Lawrence,Ward,,,,M,
410,Morgan,Torres,,,,F,
411,Samuel,Diaz,,,,M,
412,Paul,Evans,,,,M,
413,Ronald,Cox,,,,M,
414,Bryan,Hughes,,,,M,
415,Isabella,Miller,,,,F,
416,Hannah,White,,,,F,
417,Elizabeth,Hall,,,,F,
418,Jacqueline,Parker,,,,F,
419,Nevaeh,Nelson,,,,F,
420,Scott,Ward,,,,M,
421,Kylie,Lewis,,,,F,
422,Alice,Gonzales,,,,F,
423,Angela,Price,,,,F,
424,Nabila,Sow,,,,F,
425,Dean,Cook,,,,M,
426,Kelly,Ramirez,,,,F,
427,Eugene,Washington,,,,M,
428,Lucas,Anderson,,,,M,
